<?xml version="1.0" encoding="utf-8"?>
<ApplicationInstallerManifest>
   <DefaultInstallationDirectory>/Applications/University_of_Liverpool/MaQiT/</DefaultInstallationDirectory>
   <ApplicationName>MaQiT</ApplicationName>
   <ExecutableName>application/MaQiT.exe</ExecutableName>
   <GUID>9e1ec3b5-f4be-4561-ac16-0c730e03540f</GUID>
   <ApplicationIcon>default_icon_48.png</ApplicationIcon>
   <Logo>default_logo.png</Logo>
   <Version>1.0</Version>
   <InstallationNotes>In the following directions, replace MR/v94 by the directory on the target machine where MATLAB is installed, or MR by the directory where the MATLAB Runtime is installed.

If the environment variable DYLD_LIBRARY_PATH is undefined, set it to the following string:

MR/v94/runtime/maci64:MR/v94/sys/os/maci64:MR/v94/bin/maci64

If it is defined, set it to the following:

${DYLD_LIBRARY_PATH}:MR/v94/runtime/maci64:MR/v94/sys/os/maci64:MR/v94/bin/maci64
</InstallationNotes>
   <AuthorOrganization>University of Liverpool</AuthorOrganization>
   <WelcomePanelText>MaQiT 1.0
James M. Lea
j.lea@liverpool.ac.uk</WelcomePanelText>
   <MCRProducts>
      <MCRProduct>
         <ExternalProductIdentifier>35000</ExternalProductIdentifier>
      </MCRProduct>
      <MCRProduct>
         <ExternalProductIdentifier>35010</ExternalProductIdentifier>
      </MCRProduct>
   </MCRProducts>
</ApplicationInstallerManifest>